Name,Slug,Affiliate Link
1Password,1password,
Ably,ably,
Abstract,abstract,
ActiveCampaign,activecampaign,
ADP,adp,https://adp.partnerlinks.io/na95yqt6x8zk
AgencyAnalytics,agencyanalytics,https://try.agencyanalytics.com/c1w56vxnfixs
Ahrefs,ahrefs,
AI21 Labs,ai21-labs,
Aircall,aircall,
Airia,airia,https://try.airia.com/ous5rztphy19-az7nx
airSlate,airslate,https://partnerstack.signnow.com/w5hkejlk8bp4
Airtable,airtable,
AiSDR,aisdr,https://partner.aisdr.com/a9pxynqa9ef3
Algolia,algolia,
Almanac,almanac,
Amazon SES,amazon-ses,
Amplitude,amplitude,
Anthropic,anthropic,
Anyscale,anyscale,
Apollo.io,apollo,
Appsmith,appsmith,
Appwrite,appwrite,
Archbee,archbee,
Around,around,
Asana,asana,
Assembly,assembly,https://try.assembly.com/d7eqatphsr9e-sjva52h
AssemblyAI,assemblyai,
Astro,astro,
Atria,atria,https://affiliates.tryatria.com/y1prvo64lydd
Attio,attio,
Auth0,auth0,
AWS Activate,aws-activate,
Axiom,axiom,
Backblaze,backblaze,
Bamboo HR,bamboohr,
Basecamp,basecamp,
Beamer,beamer,
Beefree SDK,beefree-sdk,
Beehiiv,beehiiv,
Bench,bench,
BetterStack,betterstack,
Bitwarden,bitwarden,
Bland AI,bland-ai,
Bouncer,bouncer,https://withlove.usebouncer.com/umv8hfjgnjze
Brevo,brevo,
Brex,brex,
BrowserStack,browserstack,
Bubble,bubble,
Budibase,budibase,
Buffer,buffer,
Bugsnag,bugsnag,
Buildkite,buildkite,
Bun,bun,
Bunny.net,bunny-net,
Cal.com,calcom,
Calendly,calendly,
Calendso,calendso,
Canny,canny,
Canva Pro,canva,
Capacitor,capacitor,
Carrd,carrd,
Carta,carta,
Chameleon,chameleon,
Chargebee,chargebee,
CharlieHR,charliehr,
Chatwoot,chatwoot,
Checkly,checkly,
ChromaDB,chromadb,
CircleCI,circleci,
Clearbit,clearbit,
Clearscope,clearscope,
Clerk,clerk,
Clerky,clerky,
ClickUp,clickup,
Clockify,clockify,
Close,close-crm,
Cloudflare,cloudflare,
Cloudinary,cloudinary,
CloudTask,cloudtask,https://get.cloudtask.com/ffhrcwzmno5v
Cloudways,cloudways,
CockroachDB,cockroachdb,
Coda,coda,
Codecov,codecov,
CodeSandbox,codesandbox,
Cohere,cohere,
Confluence,confluence,
Consensus,consensus,https://get.consensus.app/zza58uqqfzkq
Contentful,contentful,
ConvertKit,convertkit,
Convex,convex,
Coolify,coolify,
Copper,copper-crm,
Copy.ai,copy-ai,
Countly,countly,
Courier,courier,
Crazy Egg,crazy-egg,https://try.crazyegg.com/vn0a4rs17csg
Crisp,crisp,
Cron,cron-calendar,
Cronitor,cronitor,
Crowdin,crowdin,
Cursor,cursor,
Customer.io,customer-io,
Cypress,cypress,
Datadog,datadog,
DatoCMS,datocms,
Deel,deel,
Deepgram,deepgram,
Deno,deno,
Depot,depot,
Descope,descope,
Descript,descript,
Dify,dify,
DigitalOcean,digitalocean,
Directus,directus,
Docker,docker,
DocSend,docsend,
Docusign,docusign,
Doodle,doodle,
Doppler,doppler,
Dorik,dorik,
Drata,drata,
Drift,drift,
Drip,drip,
EdgeDB,edgedb,
Electron,electron,
ElevenLabs,elevenlabs,
Encore,encore,
Envoy,envoy,https://envoy.partnerlinks.io/aywkjbfomtfh
Excalidraw,excalidraw,
Expensify,expensify,
Expertise AI,expertise-ai,https://expertiseai.partnerlinks.io/lt5gwjjdu2vc
Expo,expo,
Fathom Analytics,fathom-analytics,
Fauna,fauna,
Featurebase,featurebase,
Fider,fider,
Figma,figma,
Fillout,fillout,
Firebase,firebase,
Fireflies.ai,fireflies-ai,
Flagsmith,flagsmith,
Fly.io,flyio,
folk,folk-crm,https://try.folk.app/8gzq66o0v0gp
Formbricks,formbricks,
Formspree,formspree,
Framer,framer,
Frase,frase,
Freshbooks,freshbooks,https://partner.freshbooks.com/yoqjt59rr3gd
Freshchat,freshchat,
Freshdesk,freshdesk,
Freshsales,freshsales,
Fullstory,fullstory,
FusionAuth,fusionauth,
Gather,gather,
GetResponse,getresponse,
Ghost,ghost,
GitBook,gitbook,
GitHub,github,
GitLab,gitlab,
Gitpod,gitpod,
Glide,glide,
Gong,gong,
Google Cloud,google-cloud,
Google Workspace,google-workspace,
Grafana Cloud,grafana-cloud,
Grain,grain,
Grammarly,grammarly,
Groq,groq,
Growthbook,growthbook,
Gumroad,gumroad,
Gusto,gusto,
Hanko,hanko,
HashiCorp Vault,hashicorp-vault,
Hashnode,hashnode,
Hasura,hasura,
Heap,heap,
Height,height,
Helicone,helicone,
Help Scout,help-scout,https://helpscout.partnerlinks.io/3tjelfb3s1k2
Heroku,heroku,
Hetzner,hetzner,
Highlight.io,highlight,
Honeybadger,honeybadger,
Hootsuite,hootsuite,
Hotjar,hotjar,
HubSpot for Startups,hubspot-for-startups,
Hubstaff,hubstaff,
Hugging Face,hugging-face,
Huly,huly,
Hume AI,hume-ai,https://try.hume.ai/dyiih3ffvvv7-r9s6xi
Hunter.io,hunter-io,
Hygraph,hygraph,
Inngest,inngest,
Insomnia,insomnia,
Instantly,instantly,https://refer.instantly.ai/o6ia91smnj2h
Instructor,instructor,
Intercom,intercom,
InVision,invision,
Iubenda,iubenda,
Jasper,jasper,
JetBrains,jetbrains,
Jira,jira,
Jitsu,jitsu,
June,june,
Justworks,justworks,
Kapwing,kapwing,
Keap,keap,
Kinde,kinde,
Klaviyo,klaviyo,
Knock,knock,
Kong,kong,
Krisp,krisp,
LambdaTest,lambdatest,
LangChain,langchain,
Langfuse,langfuse,
Later,later,https://try.later.com/wmi7mwnqpa3j
Lattice,lattice,
LaunchDarkly,launchdarkly,
Laxis,laxis,https://get.laxis.com/v5ugx45vam35
Lemlist,lemlist,
Lemon Squeezy,lemon-squeezy,
Leonardo AI,leonardo-ai,
Lightstep,lightstep,
Lindy,lindy-ai,https://try.lindy.ai/jwapdd3b6pyc
Linear,linear,
LinkedIn Sales Navigator,linkedin-sales-navigator,
Linode,linode,
LiveChat,livechat,
Livestorm,livestorm,https://get.livestorm.co/h8dmkplzs2cd
Logome.ai,logome-ai,https://logomeai.partnerlinks.io/eil4gr5aps82
LogRocket,logrocket,
LogSnag,logsnag,
Lokalise,lokalise,
Loom,loom,
Loops,loops,
Mailchimp,mailchimp,
Mailgun,mailgun,
Mailjet,mailjet,
Mailtrap,mailtrap,
Make,make,
Mapbox,mapbox,
MarketMuse,marketmuse,
Maze,maze,
Medusa,medusa,
MeetGeek,meetgeek,https://get.meetgeek.ai/lvoh4ln409qf
Meilisearch,meilisearch,
Mercury,mercury,
MessageBird,messagebird,
Metabase,metabase,
Midjourney,midjourney,
MindStudio,mindstudio,https://get.mindstudio.ai/224qki6visge
Mintlify,mintlify,
Miro,miro,
Mistral AI,mistral,
Mixmax,mixmax,
Mixpanel,mixpanel,
Modal,modal,
Monday.com,monday,
MongoDB,mongodb,
Moosend,moosend,
MotherDuck,motherduck,
Mux,mux,
n8n,n8n,
Nango,nango,
Navan,navan,
Neon,neon,
Netlify,netlify,https://join.netlify.com/d4dvkh8kyk4k-96ld6
New Relic,new-relic,
ngrok,ngrok,
Nolt,nolt,
Notion,notion,
Novu,novu,
Nutshell,nutshell,https://try.nutshell.com/chvmqpv11vo2
Nuxt,nuxt,
Nx,nx,
Olark,olark,
Omnisend,omnisend,
OmniSEO,omniseo,https://get.omniseo.com/gatadu0oia8e
OneSignal,onesignal,
OpenAI,openai,
Opsgenie,opsgenie,
Otter.ai,otter-ai,
Outgrow,outgrow,https://share.outgrow.biz/u761e1tei2ky
Outreach,outreach,
OVHcloud,ovhcloud,
Oyster HR,oyster-hr,
Paddle,paddle,
Pagerduty,pagerduty,
PandaDoc,pandadoc,
PartnerStack,partnerstack,https://try.partnerstack.com/2jnhfw9db1ca
Payload CMS,payload-cms,
Paystack,paystack,
Pendo,pendo,
Penpot,penpot,
Perplexity,perplexity,
Personio,personio,
Phantom Buster,phantombuster,
Phrase,phrase,
Pictory,pictory,
Pilot,pilot,
Pinecone,pinecone,
Pipedream,pipedream,
Pipedrive,pipedrive,
Pitch,pitch,
Plaid,plaid,
Planable,planable,
Plane,plane,
PlanetHoster,planethoster,
PlanetScale,planetscale,
Plausible,plausible,
Playwright,playwright,
Polar,polar,
Portainer,portainer,
Posthog,posthog,
Postman,postman,
Postmark,postmark,
Prezi,prezi,https://try.prezi.com/2hzlik7em1v2
Prisma,prisma,
Productboard,productboard,
PropelAuth,propelauth,
Publer,publer,
Pulumi,pulumi,
Pusher,pusher,
Qdrant,qdrant,
QuickBooks,quickbooks,
Railway,railway,
Ramp,ramp,
Raycast,raycast,
Razorpay,razorpay,
ReadMe,readme,
Reclaim.ai,reclaim-ai,https://go.reclaim.ai/hxs05abl38m4
Recurly,recurly,
Reddit Ads,reddit-ads,
Redis Cloud,redis-cloud,
RedwoodJS,redwoodjs,
Relevance AI,relevance-ai,
Remix,remix,
Remote,remote,
Render,render,
Replicate,replicate,
Replit,replit,
Reply.io,reply-io,
Resend,resend,
Retool,retool,
Revealbot,revealbot,https://join.bir.ch/vmza8a4danu3
RevenueCat,revenuecat,
Rippling,rippling,
Rive,rive,
Riverside,riverside,
Roboflow,roboflow,
Rollbar,rollbar,
RudderStack,rudderstack,
Runway,runway,
Salesloft,salesloft,
Salesmsg,salesmsg,https://join.salesmessage.com/yfm4djdsxb45
Sanity,sanity,
SavvyCal,savvycal,
Scaleway,scaleway,
Seamless.AI,seamless-ai,https://get.seamless.ai/0medsodxi9s5
Segment,segment,
Sellfy,sellfy,https://get.sellfy.com/exdvxj22sotz
Semrush,semrush,
SendGrid,sendgrid,
Sentry,sentry-pro,
Shopify,shopify,
Shortcut,shortcut,
SingleStore,singlestore,
Sketch,sketch,
Slack,slack,
Slite,slite,
Smartli,smartli,https://smartli.partnerlinks.io/h95mu3exxqid
SmartSuite,smartsuite,https://partners.smartsuite.com/qzwuja9ma4k4
SMTP2GO,smtp2go,https://get.smtp2go.com/2hl7mr26uo1b
Snapchat Ads,snapchat-ads,
Snov.io,snov-io,
Snyk,snyk,
Softr,softr,
SonarCloud,sonarcloud,
Spline,spline,
Sprig,sprig,
Sprout Social,sprout-social,
SpyFu,spyfu,
Square,square,
SST,sst,
Stability AI,stability-ai,
Stackblitz,stackblitz,
Statsig,statsig,
StatusPage,statuspage,
Storyblok,storyblok,
Storylane,storylane,https://storylane.partnerlinks.io/tupzkgy9no98
Strapi,strapi,
Stream,stream,
Stripe Atlas,stripe-atlas,
Stripe Billing,stripe-billing,
Stytch,stytch,
Supabase,supabase,
Super.so,super-so,
Superhuman,superhuman,
Surfer SEO,surfer-seo,
SurveySparrow,surveysparrow,https://join.surveysparrow.com/d04xt2c2xeak
SvelteKit,sveltekit,
Swell,swell,
Synthesia,synthesia,
Tailscale,tailscale,
Tally,tally,
Tandem,tandem,
Taplio,taplio,
Tauri,tauri,
Tawk.to,tawk-to,
Teamwork,teamwork,
Teleport,teleport,
Temporal,temporal,
Termly,termly,
Terraform Cloud,terraform-cloud,
Tide Business Banking,tide-business-banking,
Tidio,tidio,
TidyCal,tidycal,
TikTok for Business,tiktok-for-business,
Tinybird,tinybird,
Tldv,tldv,
Todoist,todoist,https://get.todoist.io/6rdeqw7xmbk0
Together AI,together-ai,
Toggl Track,toggl-track,
Traefik,traefik,
Tray.io,tray-io,
Trello,trello,
Tresorit,tresorit,https://partnerstack.tresorit.com/x4fb7utjohul-5ahhu3
Trigger.dev,trigger-dev,
Turborepo,turborepo,
Turso,turso,
Tweet Hunter,tweet-hunter,
Twilio,twilio,
Typedream,typedream,
Typeform,typeform,
Typesense,typesense,
Umso,umso,
Unicorn Platform,unicorn-platform,
Unkey,unkey,
Unleash,unleash,
Unstructured,unstructured,
Upcloud,upcloud,
Upstash,upstash,
Uptime Robot,uptimerobot,
UserPilot,userpilot,
UserTesting,usertesting,
Val Town,val-town,
Vanta,vanta,
Vercel,vercel,
Veriff,veriff,
Vonage,vonage,
Vowel,vowel,
Vultr,vultr,
Wasabi,wasabi,
Wasp,wasp,
Wave,wave,
Weaviate,weaviate,
Webex,webex,
Webflow,webflow,
Webiny,webiny,
Weights & Biases,wandb,
Whimsical,whimsical,
Windmill,windmill,
Wing Assistant,wing-assistant,https://affiliate.wingassistant.com/5d80c54ie7q6-v5tdj9
Wise Business,wise-business,
Wistia,wistia,
WorkOS,workos,
Wrike,wrike,https://get.wrike.com/ili5cu3fpl3n
Writesonic,writesonic,
Xata,xata,
Xero,xero,
Zapier,zapier,
Zcal,zcal,
Zendesk,zendesk,
Zeplin,zeplin,
Zoho CRM,zoho-crm,
Zoom,zoom,
ZoomInfo,zoominfo,
